{
  "mean": 0.010971439070999622,
  "std": 0.0484466589987278,
  "min": -0.37560150027275085,
  "max": 0.4719298481941223
}